school-eng	address	address-match
102256	9B1AK1J	byhand
117065	2X6MXMZY	
117066	4D4TEC	byhand
117067	4D4SBT	
117068	2X6MTFQ8	
117069	2X6MTB00	
117070	9AQJZND	
117071	2X6MXJA5	
117072	4D5GWB	
117073	9C3H97E	byhand
117074	2X6MHB38	byhand
117075	2X6MTBMX	byhand
117076	2X6MYGEW	
117077	2X6MYCMV	byhand
117078	2X6MTG52	
117079	2X6MTH2N	byhand
117080	9C3QP0K	
117081	9B1AK8C	byhand
117082	9ACAQBC	byhand
117083	5T8FR7NZ	byhand
117084	9C3H2ZH	
117085	2X6MTK10	byhand
117086	2X6MV9QV	byhand
117087	9B09NDE	byhand
117088	9B1AJWD	
117089	9B1AK0C	
117090	9B1AJY1	byhand
117091	4D50QJ	
117092	4D50QH	
117093	5T8FR9MQ	
117094	9A2MXPG	
117095	2X6MTBHG	byhand
117096	5T8FR93G	
117097	5T8FVQCE	byhand
117098	5T8FR999	
117099	9B1AJ1X	byhand
117100	2X6MTE37	byhand
117101	9A2N6TH	byhand
117102	5T8GM330	
117103	2X6MTFDJ	
117104	2X6MTB4W	byhand
117105	2X6MTBHN	
117106	5T8JQF7A	
117107	5T8JQEZ2	byhand
117108	2X6MV9Y3	
117109	2X6MVAE8	
117110	9A2N6DJ	byhand
117111	9B09VV9	byhand
117112	9C3H2AA	
117113	2X6MXHN8	byhand
117114	5T8GM5Z2	
117115	2X6MXGR1	
117116	9C3H8GG	
117117	9B09WAB	byhand
117118	2X6MXHA3	
117119	9C3H4CS	
117120	9C3H3W0	byhand
117121	2X6MXM4C	byhand
117122	2X6MXMAX	byhand
117123	2X6MXKC1	byhand
117124	9C3H9JV	byhand
117125	9B09MHA	byhand
117126	9B09XQM	byhand
117127	5T8JQERT	byhand
117128	5T8GM5Z6	byhand
117129	2X6MXNM0	
117130	5T8FRBSD	byhand
117131	5T8FR9S8	
117132	5T8FR9SA	
117133	5T8FR9SP	
117134	2X6MXNAM	
117135	2X6MTANG	byhand
117136	5T8JAKCQ	
117137	5T8JAG03	byhand
117138	2X6MTAHR	byhand
117139	5T8JAKZZ	
117140	2X6MT9N0	
117141	2X6MTDHF	
117142	2X6MT9TB	
117143	5T8JAQW9	
117144	2X6MXHA2	
117145	2X6MTEC1	byhand
117146	2X6MTBMW	byhand
117147	2X6MXNX1	
117148	2X6MTEVR	
117149	9B09WDC	
117150	9B1AHCZ	
117151	9C3QN7X	
117152	9C3QN1A	byhand
117153	2X6MXNSQ	
117154	2X6MXFT3	byhand
117155	2X6MYG70	
117156	5T8FR0MP	
117157	5T8FR2HA	
117158	2X6MYDFF	
117159	2X6MYDDS	
117160	2X6MYE01	
117161	5T8FR161	byhand
117162	2X6MYFQH	
117163	2X6MYFQM	byhand
117164	9A2MY3R	byhand
117165	2X6MYFQJ	
117166	2X6MYCWQ	byhand
117167	5T8FR15R	
117168	2X6MYGF8	
117169	5T8FR6C3	
117170	5T8FRCN0	
117171	9B09WXE	byhand
117172	2X6MTH0Y	
117173	2X6MTH0W	byhand
117174	5T8JHBRH	
117175	2X6MTH11	
117176	9B09WXS	
117177	2X6MXGZ4	
117178	2X6MYKRX	
117179		byhand
117180	4D4SBR	
117181	9B1AJ1Y	
117182	9B1AHM6	
117183	9B1AHNW	
117184	9B1AJ14	byhand
117185	5T8JHBZT	byhand
117186	2X6MXM4M	byhand
117187	5T8JAMAR	byhand
117188	5T8JAM3C	
117189	9C3QMW8	byhand
117190	9A2MY3R	byhand
117191	5T8FR162	byhand
117192	5T8FR6C5	byhand
117193	2X6MYCZB	byhand
117194	5T8FR714	byhand
117195	9B1AHQY	
117196	2X6MTBHG	byhand
117197	9A2N6M9	
117198	2X6MZR56	byhand
117199	9C3QNHH	byhand
117200	9C3QP13	byhand
117201	4D4PHZ	byhand
117202	9A2N7AH	byhand
117203	4D5EGC	
117204	9C3QNHH	byhand
117205	5T8FDF2Q	
117206	9ADG70Z	byhand
117207	5T8FDGYV	byhand
117208	5T8FDGYV	byhand
117209	9C3QPDF	byhand
117210	9C3QPDF	byhand
117211	5T8JAR3E	
117212	5T8JAQYW	byhand
117213	2X6MTH0X	byhand
117214	2X6MVA2W	byhand
117215	5T8JQEN7	
117216	2X6MV4MW	
117217	2X6MTAYM	
117218	9B1RAP4	byhand
117219	9B1AHNH	
117220	9AE9DVC	byhand
117221	5T8FDH6F	
117222	2X6MTEAJ	
117223	2X6MXMBX	byhand
117224	5T8GM5YV	byhand
117225	5T8JAQST	byhand
117226	9C3QPE3	
117227	5T8JHBHC	byhand
117228	9B1AHFC	
117229	9AE9DWC	
117230	2X6MTKB4	byhand
117231	2X6MTSD9	byhand
117232	4D5476	
117233	4D559A	
117234	2X6MVA2V	byhand
117235	5T8JAQT4	byhand
117236	9AQQSA1	
117237	9C3QPF8	byhand
117238	9C3QPF8	byhand
117239	2X6MTSE6	
117240	2X6MTEVX	byhand
117241	2X6MTSDA	byhand
117242	9B1AK1Q	
117243	4D4RPT	byhand
117244	9B09V9Y	byhand
117245	5T8FRA25	
117246	9C3QNZ0	byhand
117247	5T8FDGVQ	byhand
117248	5T8FR7WQ	byhand
117249	2X6MZ9HS	byhand
117250	5T8JAKE5	
117251	9C3QNNT	byhand
117252	5T8JHBMF	
117253	2X6MXHN9	
117254	5T8JQF0C	byhand
117255	4D50X6	
117256	2X6MTSD7	byhand
117257	2X6MTGAS	
117258	2X6MTEXS	
117259	2X6MXJY8	
117260	2X6MVB3M	byhand
117261	2X6MTFVS	
117262	4D4PHY	
117263	9B09VVZ	byhand
117264	5T8GM5Z3	
117265	5T8GM5Z3	byhand
117266	5T8FR8QR	byhand
117267	5T8JAQST	byhand
117268	9AQQQ70	
117269	9C3QP1W	byhand
117270	4D5C6Q	
117271	2X6MXAJ9	byhand
117272	4D5THA	byhand
117273	9B09V9Y	byhand
117274	5T8JQEW6	byhand
117275	9B09WW3	byhand
117276	2X6MVBEG	byhand
117277	2X6MTM1G	
117278	2X6MXNF3	
117279	9AQQSA0	
117280	9B09WC0	byhand
117281	2X6MTF03	
117282	5T8JQEQF	byhand
117283	5T8JQEXY	byhand
117284	4D5JF9	
117285	2X6MX9VD	
117286	2X6MZ9Y6	byhand
117287	2X6MTFQN	byhand
117288	2X6MTDTD	byhand
117289	5T8FR8CN	
117290	5T8FR0E4	
117291	2X6MTKCB	byhand
117292	9C3QNTR	byhand
117293	9CPSB9K	byhand
117294	2X6MTGAT	
117295	2X6MZ9CG	byhand
117296	9B1AJVS	
117297	9B09W4W	byhand
117298	5T8JAQW1	
117299	9APZHJM	
117300	9B1AK05	
117301	5T8JAR6K	
117302	4D4Q89	byhand
117303	9B1AHFF	
117304	5T8FR92K	
117305	2X6MT9TB	
117306	5T8FDH1E	
117307	4D5MF5	
117308	2X6MYCN6	byhand
117309	2X6MXNXS	byhand
117310	9B09Q1V	
117311	5T8FR16E	
117312	2X6MTFQ9	byhand
117313	5T8JHC95	byhand
117314	5T8GM5Z0	
117315	2X6MTD7F	
117316	9C3QP5S	byhand
117317	5T8FR163	
117318	2X6MYGZD	byhand
117319	5T8HG06K	
117320	5T8FR3MT	
117321	4D4KHF	
117322	9C3QMJX	
117323	5T8FDH83	
117324	2X6MYGZE	byhand
117325	5T8JHB1W	
117326	4D56ZK	byhand
117327	5T8JAMXC	byhand
117328	2X6MXBM8	byhand
117329	5T8GM5YW	byhand
117330	9C3H4EB	
117331	2X6MXNSX	
117332	2X6MXNAN	
117333	2X6MVAGM	
117334	4D4Q88	byhand
117335	2X6MV52E	
117336	2X6MV5B1	
117337	9ADWWZ9	byhand
117338	4D5CE2	
117339	5T8FR0ZN	
117340	9A2MY90	
117341	2X6MV8D9	
117342	5T8JAR5S	
117343	5T8JQH12	byhand
117344	2X6MV4WB	
117345	2X6MXMC2	byhand
117346	2X6MTKGY	byhand
117347	5T8JAMHS	byhand
117348	2X6MTGVX	byhand
117349	9A2N4RC	
117350	9C3H64A	
117351	4D5QYQ	byhand
117352	9C3QPDM	byhand
117353	4D5BFS	byhand
117354	2X6MXKK5	byhand
117355	2X6MTHMA	byhand
117356	4D59VX	byhand
117357	2X6MTBF0	byhand
117358	2X6MTFBZ	
117359	2X6MV58T	byhand
117360	5T8FR15X	byhand
117361	9B09W62	
117362	5T8JHCD2	byhand
117363	9B09KZQ	byhand
117364	2X6MX9R5	
117365	2X6MVAEA	
117366	4D4MDG	
117367	4D4WFP	
117368	2X6MVA3W	
117369	9AE03PB	
117370	9B1AKBC	byhand
117371	9B1AJKB	
117372	9AE03NR	byhand
117373	9AE03NR	byhand
117374	5T8FR0J2	byhand
117375	2X6MXBM9	byhand
117376	9C3H4K7	
117377	2X6MV5B2	
117378	2X6MTH6E	byhand
117379	4D4TB6	byhand
117380	2X6MTKPQ	byhand
117381	5T8JQF4Y	
117382	2X6MV8DA	byhand
117383	9B1AHEP	byhand
117384	9APZMWE	byhand
117385	2X6MXMZZ	byhand
117386	2X6MXNGE	byhand
117387	2X6MXBTA	byhand
117388	2X6MXAD5	byhand
117389	9B09TXM	byhand
117390	9B09N7S	byhand
117391	9B1AJY4	
117392	2X6MXHA4	byhand
117393	2X6MTHWN	byhand
117394	9B1RA9H	byhand
117395	2X6MXGZ5	
117396	2X6MXBT5	byhand
117397	9B09VSP	byhand
117398	9B1RA9Z	byhand
117399	4D5EGC	byhand
117400	4D59VX	byhand
117401	9C3H9EJ	
117402	9B1N3BC	byhand
117403	9C3H4EC	byhand
117404	5T8FRA17	byhand
117405	9B09PAV	byhand
117406	9B09WFN	byhand
117407	9B09WH6	byhand
117408	2X6MXADA	byhand
117409	2X6MXA4K	byhand
117410	9B09WT8	byhand
117411	2X6MXADK	
117412	9B09XT0	byhand
117413	9C3H8X2	
117414	5T8JQEX2	byhand
117415	4D5QVQ	byhand
117416	2X6MV4PH	byhand
117417	9A1STCM	byhand
117418	5T8JQ82D	
117419	2X6MXA42	byhand
117420	9B1RA8S	byhand
117421	9B09TW7	byhand
117422	9C3H55T	byhand
117423	5T8JQ7K1	byhand
117424	5T8JQGB2	byhand
117425	9B09V4B	byhand
117426	2X6MTKB7	byhand
117427	4D55NA	byhand
117428	4D4TAK	byhand
117429	4D51HB	byhand
117430	9B09VQ6	byhand
117431	9B1AHZ8	byhand
117432	9B09VQM	byhand
117433	9A2N3ZG	byhand
117434	5T8JAR4F	byhand
117435	5T8JHC7Q	byhand
117436	9B09KVV	byhand
117437	4D5AD2	byhand
117438	4D5FRY	byhand
117439	9B1N45D	byhand
117440	2X6MXGZ6	byhand
117441	2X6MYKF6	byhand
117442	2X6MXJXW	byhand
117443	2X6MVAPK	byhand
117444	9B09WAV	byhand
117445	9C3HAY7	
117446	9C3H7Z4	byhand
117447	5T8FR94D	byhand
117448	2X6MYHQ6	byhand
117449	5T8JAEJ1	byhand
117450	5T8JAH43	byhand
117451	9A1REK6	byhand
117452	5T8JAHE1	byhand
117453	9B1RB29	byhand
117454	9B09WFA	byhand
117455		byhand
117456	9C3QNK2	byhand
117457	2X6MTFVR	byhand
117458	2X6MV8D8	byhand
117459	5T8JQGSM	byhand
117460	5T8JHAGW	byhand
117461	5T8JHCKE	byhand
117462	2X6MTEJG	
117463	5T8JQEXV	byhand
117464	5T8JHBYW	byhand
117465	5T8FR5R8	byhand
117466	9B1AHH8	byhand
117467	5T8GM5Z1	byhand
117468	5T8JQ7VV	byhand
117469	2X6MTBE4	
117470	5T8JAQT5	byhand
117471	5T8JQE5F	byhand
117472	2X6MTM1E	byhand
117473	2X6MXAE3	byhand
117474	9C3QNHJ	
117475	5T8FR8CM	byhand
117476	9C3H984	byhand
117477	2X6MXKNC	byhand
117478	5T8JAR3X	byhand
117479	2X6MVBEF	byhand
117480	5T8JAK3D	byhand
117481	5T8HFFSD	byhand
117482	5T8JH8CZ	byhand
117483	4D5EF8	
117484	2X6MTS96	byhand
117485	5T8FRBGB	byhand
117486	9A95YCZ	byhand
117487	9ADX0CA	byhand
117488	9B1AJXK	byhand
117489	5T8GM26F	byhand
117490	2X6MTG51	byhand
117491	5T8JAH43	byhand
117492	4D4Q8A	byhand
117493	9B1AJXK	byhand
117494	9A95YCZ	byhand
117495	5T8FR0DR	
117496	9B1AJKK	byhand
117497	2X6MTHYM	byhand
117498	9B0E1TM	byhand
117499	9C3H7F5	
117500	5T8JQ7X5	
117501	9B09VXK	
117502	2X6MXHSD	
117503	2X6MXHBD	
117504	9C3H9D6	
117505	5T8FVP7Q	
117506	2X6MXAZE	
117507	2X6MTHCA	byhand
117508	9A1STGM	
117509	2X6MXN06	
117510	9B1AHNG	
117511	2X6MTFDH	
117512	2X6MV4HS	byhand
117513	9APZDCT	
117514	2X6MTE5Z	
117515	2X6N0357	byhand
117516	9AE03ZN	byhand
117517	2X6MXG43	byhand
117518	2X6MXG42	byhand
117519	2X6MXBT7	byhand
117520	2X6MTFB6	
117521	9B1AKC2	byhand
117522	9AQ026H	byhand
117523	2X6MV9YH	
117524	2X6MTDMM	
117525	2X6MTGFN	
117526	5T8JQHE1	byhand
117527	2X6MTBBS	
117528	2X6MTSE5	
117529	4D5AAK	byhand
117530	9C3QPF9	byhand
117531	4D547M	byhand
117532	2X6MYE5R	byhand
117533	9C3QPAP	byhand
117534	9C3QRXM	byhand
117535	2X6MXCRP	
117536	5T8JH9XV	byhand
117537	2X6MXKNB	byhand
117538	4D5BSY	
117539	2X6MXNC2	
117540	2X6MXP1R	byhand
117541	5T8JQEGB	byhand
117542	2X6MXNC1	
117543	9B09WFM	byhand
117544	9B1AHM5	byhand
117545	2X6MXNAP	
117546	2X6MTH64	byhand
117547	2X6MTBBK	
117548	5T8JAHHX	
117549	9B09QS4	
117550	9C3QN4X	byhand
117551	2X6MXAD9	
117552	2X6MV56T	
117553	2X6MV863	
117554	2X6MXNXN	byhand
117555	5T8JAHPF	byhand
117556	2X6N02Y7	byhand
117557	2X6MTSAV	byhand
117558	2X6MTA14	byhand
117559	5T8JQHHF	byhand
117560	2X6MXNF8	byhand
117561	5T8FR9KA	
117562	9B1AHGK	
117563	9B09W9Z	byhand
117564	9B1AJ33	byhand
117565	2X6MTNZM	
117566	9B1AJKR	byhand
117567	5T8JHCF1	
117568	9B1AJVM	
117569	5T8JH99K	byhand
117570	2X6MTJ65	
117571	5T8FR6JX	byhand
117572	2X6MYHSM	
117573	5T8FR167	byhand
117574	2X6MTAPX	
117575	5T8FR333	byhand
117576	2X6MYGZH	
117577	2X6MTK6F	
117578	5T8GAB7X	
117579	9B1AJKN	
117580	9B1AK1T	
117581	9B1AJXE	
117582	9AE04NH	byhand
117583	9AE051S	
117584	2X6MTE5Y	byhand
117585	9C3QMQ7	byhand
117586	2X6MT9S6	
117587	4D4ME9	
117588	2X6MTJCP	
117589	5T8FR6GF	byhand
117590	2X6MSZSZ	byhand
117591	2X6MTHZS	
117592	2X6MZTDB	byhand
117593	2X6MYJWD	
117594	2X6MTJQC	
117595	4D5Z7N	byhand
117596	4D4TEG	
117597	4D5J74	
117598	9B09QK4	byhand
117599	9AE03ZM	
117600	2X6MZSBC	byhand
117601	9AD5D5B	
117602	9B1AK1W	byhand
117603	2X6MVB5T	byhand
117604	9A2N5H3	byhand
117605	2X6MZT6T	byhand
117606	9B1AJXQ	
117607	9B0A2RT	byhand
117608	2X6MTEZM	
117609	2X6MTHW3	
117610	5T8FVQ4M	byhand
117611	2X6MTRZW	byhand
117612	2X6MSN3M	
117613	2X6MXKN9	byhand
117614	9C3HAE9	byhand
117615	9AD5AX0	byhand
117616	5T8FRA72	byhand
117617	2X6MTA18	byhand
117618	5T8JQE17	byhand
117619	5T8FR0HC	byhand
117620	5T8JQ7WB	
117621	9B09XVA	
117622	5T8JHE7M	byhand
117623	2X6MVBCY	
117624	9B1AJV4	
117625	9B1AK06	byhand
117626	2X6MTF8X	byhand
117627	9B1AJV4	
117628	9B09W8M	byhand
117629	9B1N3RZ	byhand
117630	9C3H9WD	
117631	2X6MYKBT	byhand
117632	2X6MX9XX	
117633	9B09SPZ	byhand
117634	9AD5D5B	byhand
117635	2X6MYJ52	byhand
117636	2X6MYJ7Z	byhand
117637	5T8JAQSS	
117638	2X6MTCZY	byhand
117639	2X6MZ9W3	byhand
117640	2X6N040E	byhand
117641	5T8FR936	byhand
117642	9C3H2ZP	byhand
117643	9B1AJKE	
117644	9B1AJMG	
117645	5T8JAQ7V	byhand
117646	2X6MYN7R	byhand
117647	5T8JAGTK	
117648	9B1AHHC	
117649	9B1AGR6	byhand
117650	5T8JAREK	
117651	5T8FR93A	byhand
117652	9B1AH7W	byhand
117653	2X6MVB6A	byhand
117654	9B1AK1Z	byhand
117656	2X6MVAY2	byhand
117657	9AD52PD	byhand
117658	9B1AHEB	
117659	2X6ME1FT	byhand
117660	5T8FRBHC	
117661	5T8FNG55	byhand
117662	9B1AJXV	
117663	9B09QVD	byhand
117664	2X6MZT45	
117665	9B09NGR	byhand
117666	5T8JHA3Z	
117667	5T8FR09X	
117668	9A2N551	byhand
117669	5T8FDH0D	byhand
117670	2X6MYD37	
117671	2X6MTDT8	
117672	2X6MTS3N	
117673	4D5CKW	
117674	2X6MTDG1	
117675		byhand
117676	2X6MXBAD	
117677	9AE059D	
117678	5T8FDGKZ	byhand
117679	9C3QRXM	byhand
117680	2X6MTHMB	
117681	2X6MYKRW	
117682	2X6MV9YK	
117683	2X6MT9W3	
117684	9B1N31S	
117685	2X6MTDHE	
117686	9B1AJXG	
117687	5T8FDH08	
117688	9AQQR2W	byhand
117689	2X6MXKK6	
117690	9C3QNZ4	byhand
117691	9AE04RC	
127416	9A95YCZ	
127633	9C3H328	byhand
129109	9B09WJ3	byhand
129110	4D4WFP	byhand
129111	2X6MVAE9	byhand
129112	9B09KZQ	byhand
129113	5T8JAMHS	byhand
129114	2X6MYGZE	byhand
129115	2X6MVA3W	byhand
129116	5T8GM4PH	
129117	2X6MVA3W	byhand
129118	9APR87M	byhand
129119	4D4MDG	byhand
129120		byhand
129121	5T8JHCC6	
129122	5T8JQF4Y	byhand
129123	5T8FR15X	byhand
129124		byhand
129125	5T8JHCD0	byhand
129126	5T8JHCD2	byhand
129127	5T8JQF4Y	byhand
129128	5T8FR15X	
129129	4D4MDG	byhand
129130	2X6MTFBZ	byhand
129131	2X6MXBPQ	byhand
129132	9B09W62	byhand
129133	4D5TD3	
129134	4D5MF5	byhand
129135		byhand
129136	4D5MF5	byhand
129137	2X6MYGZE	byhand
129138	2X6MTFBZ	byhand
129139	5T8FR3MT	byhand
129140	2X6MV58T	
129141	4D59VX	byhand
129142	2X6MV5B0	byhand
129143	2X6MX9R5	byhand
129144	2X6MV8D9	byhand
129145	2X6MX9R5	byhand
129146	4D59VX	byhand
129147		byhand
129148		
129149		byhand
129150		byhand
129151		byhand
129152	9B1RC7K	byhand
129153		byhand
129154		byhand
129155		byhand
129156	5T8JHCG0	
129157		
129158		byhand
129159	5T8JAHHX	byhand
129160	2X6MXKK5	byhand
129161	2X6MTAPX	
129162	9A2N789	byhand
129163	2X6MS6GV	byhand
129164	2X6MTEGK	byhand
129165		
129166		
129167		byhand
129168		byhand
129169	2X6MVBCY	byhand
129170	9B1AJW2	byhand
129171	2X6N02M5	byhand
129172	5T8JHE7M	byhand
129173	9B1AJW2	byhand
129174	2X6MDBK5	byhand
129176	9AEAAJW	byhand
129177	2X6N040E	byhand
129178	4D5TCX	byhand
129179		byhand
129180	5T8HFFQF	byhand
129181	5T8FR6C5	byhand
129182	2X6MXMZX	
129183	9C3QNZ4	byhand
129184	2X6MYN1B	byhand
129185	2X6N0380	byhand
129186	9C3QNZ4	byhand
130160	9B09V9Y	
130338	9B1AJM8	byhand
130344	9APZQ0C	byhand
130347	9APR8VN	byhand
130348	9B1AK5M	byhand
130349	2X6MYG0S	byhand
130355	2X6MXNXN	byhand
130356	5T8JAGKZ	byhand
130359	9C3QPE6	byhand
130362	9CQJT5Q	byhand
130363	5T8FR93G	byhand
130720	5T8FR0G2	byhand
130721	2X6MXKN8	byhand
130722	9B09WV0	byhand
130723	5T8JASBR	byhand
131060	2X6MXMZX	
131100	2X6MV4HA	byhand
131188	2X6MV9XY	
131319	2X6MV5B0	
131456	9B1AK53	
131503	2X6MX9RF	byhand
131505	9C3QPDF	byhand
131651	9B1AHEF	
131955	9B1AHEF	
131971	9AE03ZP	byhand
132015	9B09NGR	byhand
132091	9C3QPF8	
132105	9AE9CV7	
132118	9AE03NR	byhand
133065	2X6MV8D9	byhand
133134	5T8FNG55	byhand
133263	9C3QNHH	byhand
133295	2X6MM9N0	byhand
133323	5T8GM5Z3	
133488	9AE9CV8	byhand
133738	9C3QPNH	byhand
133773	4D5FST	byhand
133783	2X6MTBJ3	byhand
133917	4D5QVY	byhand
133975	2X6MTDDH	byhand
134087	2X6MT9QA	byhand
134197	4D4PHY	byhand
134488	4D5QVY	byhand
134682	2X6MTKCB	byhand
134684	9A95Y4M	
134685	2X6MYGZD	byhand
134716	2X6MTBF0	
134786	9A2N6TH	
134933	2X6N040E	byhand
134985	9AE03VX	byhand
135083	5T8FDGYV	
135084	9C3QNZ0	
135221	2X6MV58T	byhand
135222	5T8JQF4Y	
135223	2X6MTBEZ	
135224	2X6MTSE6	
135339	5T8JQEN7	byhand
135402	5T8FDDY5	byhand
135528	5T8JAQST	
135553		byhand
135560	9AQK0HS	byhand
135596	5T8FR15Q	
135876	9AQ026H	byhand
135890	4D5GPC	byhand
135938	9B1AJXE	byhand
136024	4D609B	byhand
136247	9A2N551	byhand
136276	5T8FR167	byhand
136289	5T8FR333	byhand
136396	4D59W3	byhand
136482	9B09QK4	byhand
136554	9B1AJKN	
136606	2X6MYHSM	
136607	4D5J74	
136608	2X6MXN06	
136609	5T8JAHHX	
136857	2X6MV9XY	byhand
136877	9AE04NH	
136899	2X6MYGZH	
136901	2X6MYJWD	
136922	9AE03VX	byhand
136973	2X6MTFB6	
137002	2X6MXP1R	byhand
137038	5T8FVP7Q	
137090	2X6MXAD9	
137110	2X6MV9YH	
137156	2X6MTJCP	
137224	9AE051S	
137238	5T8JQEQF	byhand
137270	2X6MTFDH	
137288	2X6MXHBD	
137339	2X6MTDMM	
137351	9B09V9Y	
137532	4D4ME9	
137637	9B09QS4	
137656	2X6MXNC2	
137657	2X6MXNAP	
137658	2X6MXNC1	
137757	2X6MTBBS	
137792	2X6MTBBK	
137847	2X6MTHCA	byhand
137861	9B1AJVM	
137872	9B1AK1T	
137895	9C3QMQ7	byhand
137914	2X6MSZSZ	byhand
137922	5T8FR6GF	byhand
137938	2X6MTE5Y	byhand
137943	2X6MTHMA	byhand
137985	2X6MXAZE	
137997	2X6MXKK6	byhand
138042	2X6MT9S6	byhand
138106	2X6MTA14	byhand
138201	5T8JHC00	
138205	5T8JAG03	byhand
138206	2X6MTAHR	byhand
138215	9B1AJKR	byhand
138225	9C3QSD8	byhand
138231	5T8GN26J	byhand
138286	2X6MTE5Z	
138288	5T8FR6JX	byhand
138292	2X6MXNF8	byhand
138316	9C3H55Z	byhand
138322	9C3H984	byhand
138352	2X6MV863	
138354	2X6MXKNC	byhand
138356	2X6N02Y7	
138360	4D5Z7N	byhand
138389	2X6MXKK5	byhand
138484	2X6MXCRP	
138485	5T8JHA3Z	
138507	9A95Y4M	byhand
138539	2X6MTK10	byhand
138561	9CSKJEK	byhand
138582	2X6MTAPX	byhand
138632	5T8JH9XV	
138747	9AE03ZP	byhand
139036	5T8JQHE1	byhand
139154	2X6MXHSD	
139159	2X6MT9TB	
139197	5T8JAGKZ	byhand
139416	9AE09FM	byhand
139507	5T8FR9KA	byhand
139545	4D4PHZ	
139550	2X6MZR56	byhand
139662	9CQACQQ	byhand
139835	2X6MTHY9	byhand
139873	9B09VXK	
139902	2X6MXKNA	byhand
140037	9C3QN4X	byhand
140049	2X6MYE5R	byhand
140238	5T8JH8CZ	byhand
140249	9B09WFM	byhand
140294	2X6MXBT7	
140611	9C3H8GG	byhand
140707	2X6MTFQ9	byhand
140708	2X6MTFQN	byhand
140786	2X6MZTDB	byhand
140954	9CPSCCP	
140955	2X6MV4WB	
140956	9CPSCH5	byhand
141004	9CPSCN0	byhand
141251	2X6MZT45	
141851	2X6MTKCB	byhand
141898	9B1AHFC	
142051	4D547M	byhand
142221	2X6MKQRD	byhand
142257	4D5CKW	
142413	2X6MXM92	byhand
142862	9B1AHNG	byhand
143131	4D5BSY	
143409	4D5CE2	
143410	4D5MF5	
